date,bakery_id,bakery_name,product_id,product_name,category_name,dow,hourly_sold,daily_sold,qty_produced,stock_balance,is_inventory_stockout,is_reliable_inventory_stockout,balance_consistent,hourly_daily_sales_agree,last_sale_hour,normal_days,normal_daily_sold,normal_last_hour,bakery_sales_after_last,last_hour_gap,is_strong_temporal_stockout,stockout_group,forecast_qty,latest_generated_at,has_forecast,bias_qty,forecast_to_sales_ratio,bias_pct_of_sales,source_run_id,run_generated_at,city,assortment_asof,bakeable_asof,current_profile_present,cause
2026-06-01,16,Кулагина 4 Казань,11473,Сметанник маковый,Пироги сладкие,0,2.0,2.0,2.0,0.0,True,True,True,True,10.0,6.0,0.5,15.0,1499.015,5.0,True,clear_stockout,0.0,,False,-2.0,0.0,-100.0,backfill_base_bakery_no_sku_uplift_20260601_h1,2026-07-01 12:41:27.017000+00:00,Казань,False,False,True,excluded_by_assortment_asof
2026-06-02,22,Сибирский Тракт 25 Казань,4947,Капуста и курица,Пироги сытные,1,4.0,4.0,4.0,0.0,True,True,True,True,9.0,3.0,3.0,16.0,1219.023,7.0,True,clear_stockout,0.0,,False,-4.0,0.0,-100.0,backfill_base_bakery_no_sku_uplift_20260602_h1,2026-07-01 12:41:52.074000+00:00,Казань,False,False,True,excluded_by_assortment_asof
2026-06-03,22,Сибирский Тракт 25 Казань,4947,Капуста и курица,Пироги сытные,2,4.0,4.0,4.0,0.0,True,True,True,True,9.0,3.0,2.0,18.0,1267.236,9.0,True,clear_stockout,0.0,,False,-4.0,0.0,-100.0,backfill_base_bakery_no_sku_uplift_20260603_h1,2026-07-01 12:42:20.875000+00:00,Казань,False,False,True,excluded_by_assortment_asof
2026-06-03,221,Салиха Батыева 15 Казань,4423,Жар Киш грибы курица,Пироги сытные,2,1.0,1.0,2.0,1.0,True,True,True,True,12.0,3.0,0.0,20.0,550.114,8.0,True,clear_stockout,0.0,,False,-1.0,0.0,-100.0,backfill_base_bakery_no_sku_uplift_20260603_h1,2026-07-01 12:42:20.875000+00:00,Казань,False,False,True,excluded_by_assortment_asof
2026-06-03,257,Ярмарочная 12 Чебоксары,10485,ЖарПицца Пикантная,Фастфуд,2,11.0,11.0,12.0,1.0,True,True,True,True,18.0,3.0,28.0,20.0,123.882,2.0,True,clear_stockout,0.0,,False,-11.0,0.0,-100.0,backfill_base_bakery_no_sku_uplift_20260603_h1,2026-07-01 12:42:20.875000+00:00,Чебоксары,False,False,True,excluded_by_assortment_asof
2026-06-04,221,Салиха Батыева 15 Казань,4423,Жар Киш грибы курица,Пироги сытные,3,1.0,0.0,1.0,1.0,True,True,True,True,6.0,5.0,1.0,12.0,840.601,6.0,True,clear_stockout,0.0,,False,0.0,,,backfill_base_bakery_no_sku_uplift_20260604_h1,2026-07-01 12:42:52.844000+00:00,Казань,False,False,True,excluded_by_assortment_asof
2026-06-06,221,Салиха Батыева 15 Казань,4423,Жар Киш грибы курица,Пироги сытные,5,2.0,2.0,2.0,0.0,True,True,True,True,14.0,7.0,0.0,17.5,255.452,3.5,True,clear_stockout,0.0,,False,-2.0,0.0,-100.0,backfill_base_bakery_no_sku_uplift_20260606_h1,2026-07-01 12:45:50.281000+00:00,Казань,False,False,True,excluded_by_assortment_asof
2026-06-07,22,Сибирский Тракт 25 Казань,11301,Клубника и банан НОВЫЙ,Пироги сладкие,6,2.0,2.0,3.0,1.0,True,True,True,True,11.0,8.0,2.0,18.0,512.609,7.0,True,clear_stockout,0.0,,False,-2.0,0.0,-100.0,backfill_base_bakery_no_sku_uplift_20260607_h1,2026-07-01 12:47:26.704000+00:00,Казань,False,False,True,excluded_by_assortment_asof
2026-06-07,257,Ярмарочная 12 Чебоксары,4944,Пирожок капуста и курица,Выпечка сытная,6,11.0,11.0,11.0,0.0,True,True,True,True,16.0,3.0,16.0,20.0,151.57,4.0,True,clear_stockout,0.0,,False,-11.0,0.0,-100.0,backfill_base_bakery_no_sku_uplift_20260607_h1,2026-07-01 12:47:26.704000+00:00,Чебоксары,False,False,True,excluded_by_assortment_asof
2026-06-08,257,Ярмарочная 12 Чебоксары,10169,Бейгл курица,Фастфуд,0,6.0,6.0,6.0,0.0,True,True,True,True,16.0,4.0,9.0,18.5,260.133,2.5,True,clear_stockout,0.0,,False,-6.0,0.0,-100.0,backfill_base_bakery_no_sku_uplift_20260608_h1,2026-07-01 12:49:01.346000+00:00,Чебоксары,False,False,True,excluded_by_assortment_asof
2026-06-09,107,Четаева 46А Казань,11473,Сметанник маковый,Пироги сладкие,1,2.0,2.0,3.0,1.0,True,True,True,True,9.0,6.0,1.5,13.0,1080.912,4.0,True,clear_stockout,0.0,,False,-2.0,0.0,-100.0,backfill_base_bakery_no_sku_uplift_20260609_h1,2026-07-01 12:50:39.814000+00:00,Казань,False,False,True,excluded_by_assortment_asof
2026-06-11,221,Салиха Батыева 15 Казань,4947,Капуста и курица,Пироги сытные,3,2.0,2.0,2.0,0.0,True,True,True,True,11.0,3.0,2.0,14.5,602.088,3.5,True,clear_stockout,0.0,,False,-2.0,0.0,-100.0,backfill_base_bakery_no_sku_uplift_20260611_h1,2026-07-01 12:53:57.052000+00:00,Казань,False,False,True,excluded_by_assortment_asof
2026-06-12,221,Салиха Батыева 15 Казань,4947,Капуста и курица,Пироги сытные,4,1.0,1.0,2.0,1.0,True,True,True,True,15.0,4.0,0.5,17.5,222.816,2.5,True,clear_stockout,0.0,,False,-1.0,0.0,-100.0,backfill_base_bakery_no_sku_uplift_20260612_h1,2026-07-01 12:55:37.586000+00:00,Казань,False,False,True,excluded_by_assortment_asof
2026-06-13,257,Ярмарочная 12 Чебоксары,10714,Пирог Хуплу,Пироги сытные,5,6.0,6.0,6.0,0.0,True,True,True,True,13.0,4.0,6.0,17.5,274.868,4.5,True,clear_stockout,0.0,,False,-6.0,0.0,-100.0,backfill_base_bakery_no_sku_uplift_20260613_h1,2026-07-01 12:57:20.634000+00:00,Чебоксары,False,False,True,excluded_by_assortment_asof
2026-06-14,16,Кулагина 4 Казань,4947,Капуста и курица,Пироги сытные,6,4.0,3.0,4.0,1.0,True,True,True,True,9.0,4.0,4.5,12.5,979.22,3.5,True,clear_stockout,0.0,,False,-3.0,0.0,-100.0,backfill_base_bakery_no_sku_uplift_20260614_h1,2026-07-01 12:59:01.878000+00:00,Казань,False,False,True,excluded_by_assortment_asof
2026-06-14,107,Четаева 46А Казань,4947,Капуста и курица,Пироги сытные,6,3.0,3.0,3.0,0.0,True,True,True,True,11.0,3.0,2.0,13.0,655.502,2.0,True,clear_stockout,0.0,,False,-3.0,0.0,-100.0,backfill_base_bakery_no_sku_uplift_20260614_h1,2026-07-01 12:59:01.878000+00:00,Казань,False,False,True,excluded_by_assortment_asof
2026-06-17,257,Ярмарочная 12 Чебоксары,10485,ЖарПицца Пикантная,Фастфуд,2,29.0,29.0,29.0,0.0,True,True,True,True,18.0,3.0,28.0,20.0,114.594,2.0,True,clear_stockout,0.0,,False,-29.0,0.0,-100.0,backfill_base_bakery_no_sku_uplift_20260617_h1,2026-07-01 13:05:42.196000+00:00,Чебоксары,False,False,True,excluded_by_assortment_asof
2026-06-19,257,Ярмарочная 12 Чебоксары,4944,Пирожок капуста и курица,Выпечка сытная,4,22.0,22.0,22.0,0.0,True,True,True,True,18.0,3.0,16.0,20.0,103.458,2.0,True,clear_stockout,0.0,,False,-22.0,0.0,-100.0,backfill_base_bakery_no_sku_uplift_20260619_h1,2026-07-01 13:10:16.367000+00:00,Чебоксары,False,False,True,excluded_by_assortment_asof
2026-06-20,257,Ярмарочная 12 Чебоксары,1272,Сэндвич курица,Фастфуд,5,5.0,5.0,5.0,0.0,True,True,True,True,15.0,6.0,7.0,20.0,231.186,5.0,True,clear_stockout,0.0,,False,-5.0,0.0,-100.0,backfill_base_bakery_no_sku_uplift_20260620_h1,2026-07-01 13:12:33.991000+00:00,Чебоксары,False,False,True,excluded_by_assortment_asof
2026-06-20,257,Ярмарочная 12 Чебоксары,10169,Бейгл курица,Фастфуд,5,6.0,6.0,6.0,0.0,True,True,True,True,17.0,4.0,2.5,19.0,127.202,2.0,True,clear_stockout,0.0,,False,-6.0,0.0,-100.0,backfill_base_bakery_no_sku_uplift_20260620_h1,2026-07-01 13:12:33.991000+00:00,Чебоксары,False,False,True,excluded_by_assortment_asof
2026-06-20,257,Ярмарочная 12 Чебоксары,10714,Пирог Хуплу,Пироги сытные,5,5.0,4.0,4.0,0.0,True,True,True,True,15.0,4.0,6.0,17.5,231.186,2.5,True,clear_stockout,0.0,,False,-4.0,0.0,-100.0,backfill_base_bakery_no_sku_uplift_20260620_h1,2026-07-01 13:12:33.991000+00:00,Чебоксары,False,False,True,excluded_by_assortment_asof
2026-06-21,257,Ярмарочная 12 Чебоксары,4944,Пирожок капуста и курица,Выпечка сытная,6,10.0,10.0,10.0,0.0,True,True,True,True,18.0,3.0,16.0,20.0,79.505,2.0,True,clear_stockout,0.0,,False,-10.0,0.0,-100.0,backfill_base_bakery_no_sku_uplift_20260621_h1,2026-07-01 13:14:48.418000+00:00,Чебоксары,False,False,True,excluded_by_assortment_asof
2026-06-21,257,Ярмарочная 12 Чебоксары,10169,Бейгл курица,Фастфуд,6,6.0,6.0,6.0,0.0,True,True,True,True,16.0,3.0,9.0,18.5,194.799,2.5,True,clear_stockout,0.0,,False,-6.0,0.0,-100.0,backfill_base_bakery_no_sku_uplift_20260621_h1,2026-07-01 13:14:48.418000+00:00,Чебоксары,False,False,True,excluded_by_assortment_asof
2026-06-22,21,Парковая 7 Казань,4947,Капуста и курица,Пироги сытные,0,5.0,4.0,4.0,0.0,True,True,True,True,14.0,3.0,2.0,18.0,597.403,4.0,True,clear_stockout,0.0,,False,-4.0,0.0,-100.0,backfill_base_bakery_no_sku_uplift_20260622_h1,2026-07-01 13:17:03.559000+00:00,Казань,False,True,True,excluded_by_assortment_asof
2026-06-22,28,Гудованцева 27 Казань,4947,Капуста и курица,Пироги сытные,0,14.0,14.0,14.0,0.0,True,True,True,True,16.0,3.0,6.0,18.0,261.5,2.0,True,clear_stockout,0.0,,False,-14.0,0.0,-100.0,backfill_base_bakery_no_sku_uplift_20260622_h1,2026-07-01 13:17:03.559000+00:00,Казань,False,True,True,excluded_by_assortment_asof
2026-06-23,22,Сибирский Тракт 25 Казань,4947,Капуста и курица,Пироги сытные,1,4.0,4.0,4.0,0.0,True,True,True,True,13.0,3.0,3.0,16.0,546.586,3.0,True,clear_stockout,0.0,,False,-4.0,0.0,-100.0,backfill_base_bakery_no_sku_uplift_20260623_h1,2026-07-01 13:19:56.343000+00:00,Казань,False,False,True,excluded_by_assortment_asof
2026-06-23,257,Ярмарочная 12 Чебоксары,1070,Картофель и мясо,Пироги сытные,1,4.0,4.0,4.0,0.0,True,True,True,True,16.0,3.0,2.0,20.0,267.92,4.0,True,clear_stockout,0.0,,False,-4.0,0.0,-100.0,backfill_base_bakery_no_sku_uplift_20260623_h1,2026-07-01 13:19:56.343000+00:00,Чебоксары,False,False,True,excluded_by_assortment_asof
2026-06-23,257,Ярмарочная 12 Чебоксары,1272,Сэндвич курица,Фастфуд,1,6.0,6.0,6.0,0.0,True,True,True,True,16.0,3.0,8.0,20.0,267.92,4.0,True,clear_stockout,0.0,,False,-6.0,0.0,-100.0,backfill_base_bakery_no_sku_uplift_20260623_h1,2026-07-01 13:19:56.343000+00:00,Чебоксары,False,False,True,excluded_by_assortment_asof
2026-06-25,89,Парина 6 Казань,4947,Капуста и курица,Пироги сытные,3,1.0,1.0,2.0,1.0,True,True,True,True,13.0,3.0,2.0,18.0,849.65,5.0,True,clear_stockout,0.0,,False,-1.0,0.0,-100.0,backfill_base_bakery_no_sku_uplift_20260625_h1,2026-07-01 13:27:06.681000+00:00,Казань,False,False,True,excluded_by_assortment_asof
2026-06-25,221,Салиха Батыева 15 Казань,4947,Капуста и курица,Пироги сытные,3,2.0,2.0,2.0,0.0,True,True,True,True,12.0,3.0,2.0,14.5,531.13,2.5,True,clear_stockout,0.0,,False,-2.0,0.0,-100.0,backfill_base_bakery_no_sku_uplift_20260625_h1,2026-07-01 13:27:06.681000+00:00,Казань,False,False,True,excluded_by_assortment_asof
2026-06-26,28,Гудованцева 27 Казань,4947,Капуста и курица,Пироги сытные,4,8.0,8.0,8.0,0.0,True,True,True,True,16.0,3.0,9.0,18.0,314.5,2.0,True,clear_stockout,0.0,,False,-8.0,0.0,-100.0,backfill_base_bakery_no_sku_uplift_20260626_h1,2026-07-01 13:31:25.701000+00:00,Казань,False,False,True,excluded_by_assortment_asof
2026-06-27,257,Ярмарочная 12 Чебоксары,10169,Бейгл курица,Фастфуд,5,5.0,5.0,6.0,1.0,True,True,True,True,17.0,4.0,2.5,19.0,153.058,2.0,True,clear_stockout,0.0,,False,-5.0,0.0,-100.0,backfill_base_bakery_no_sku_uplift_20260627_h1,2026-07-01 13:36:19.372000+00:00,Чебоксары,False,False,True,excluded_by_assortment_asof
2026-06-29,28,Гудованцева 27 Казань,4947,Капуста и курица,Пироги сытные,0,14.0,14.0,14.0,0.0,True,True,True,True,16.0,3.0,6.0,18.0,328.5,2.0,True,clear_stockout,0.0,,False,-14.0,0.0,-100.0,backfill_base_bakery_no_sku_uplift_20260629_h1,2026-07-01 13:48:00.669000+00:00,Казань,False,False,True,excluded_by_assortment_asof
2026-06-30,22,Сибирский Тракт 25 Казань,4947,Капуста и курица,Пироги сытные,1,4.0,4.0,4.0,0.0,True,True,True,True,12.0,3.0,3.0,16.0,633.933,4.0,True,clear_stockout,0.0,,False,-4.0,0.0,-100.0,prod_base_bakery_raw_uplift_sku_20260630_h14,2026-06-30 06:42:13.994000+00:00,Казань,False,False,True,excluded_by_assortment_asof
2026-06-30,257,Ярмарочная 12 Чебоксары,1070,Картофель и мясо,Пироги сытные,1,5.0,5.0,5.0,0.0,True,True,True,True,18.0,3.0,2.0,20.0,97.534,2.0,True,clear_stockout,0.0,,False,-5.0,0.0,-100.0,prod_base_bakery_raw_uplift_sku_20260630_h14,2026-06-30 06:42:13.994000+00:00,Чебоксары,False,False,True,excluded_by_assortment_asof
2026-07-01,22,Сибирский Тракт 25 Казань,4947,Капуста и курица,Пироги сытные,2,4.0,4.0,4.0,0.0,True,True,True,True,16.0,3.0,2.0,18.0,200.406,2.0,True,clear_stockout,0.0,,False,-4.0,0.0,-100.0,backfill_base_bakery_raw_uplift_sku_rollingbias_20260701_h1,2026-07-16 13:36:04.832000+00:00,Казань,False,False,True,excluded_by_assortment_asof
2026-07-02,89,Парина 6 Казань,4947,Капуста и курица,Пироги сытные,3,2.0,2.0,2.0,0.0,True,True,True,True,14.0,3.0,2.0,18.0,698.024,4.0,True,clear_stockout,0.0,,False,-2.0,0.0,-100.0,backfill_base_bakery_raw_uplift_sku_rollingbias_20260702_h1,2026-07-16 13:42:25.904000+00:00,Казань,False,False,True,excluded_by_assortment_asof
2026-07-04,257,Ярмарочная 12 Чебоксары,10485,ЖарПицца Пикантная,Фастфуд,5,11.0,11.0,12.0,1.0,True,True,True,True,15.0,5.0,13.0,20.0,186.16,5.0,True,clear_stockout,0.0,,False,-11.0,0.0,-100.0,backfill_base_bakery_raw_uplift_sku_rollingbias_20260704_h1,2026-07-16 13:54:46.844000+00:00,Чебоксары,False,False,True,excluded_by_assortment_asof
2026-07-05,257,Ярмарочная 12 Чебоксары,1272,Сэндвич курица,Фастфуд,6,7.0,6.0,6.0,0.0,True,True,True,True,16.0,4.0,5.5,18.0,157.76600000000002,2.0,True,clear_stockout,0.0,,False,-6.0,0.0,-100.0,backfill_base_bakery_raw_uplift_sku_rollingbias_20260705_h1,2026-07-16 14:00:54.802000+00:00,Чебоксары,False,False,True,excluded_by_assortment_asof
2026-07-07,257,Ярмарочная 12 Чебоксары,1070,Картофель и мясо,Пироги сытные,1,4.0,4.0,4.0,0.0,True,True,True,True,17.0,3.0,2.0,20.0,177.652,3.0,True,clear_stockout,0.0,,False,-4.0,0.0,-100.0,backfill_base_bakery_raw_uplift_sku_rollingbias_20260707_h1,2026-07-16 14:13:02.554000+00:00,Чебоксары,False,False,True,excluded_by_assortment_asof
2026-07-08,257,Ярмарочная 12 Чебоксары,10485,ЖарПицца Пикантная,Фастфуд,2,18.0,18.0,18.0,0.0,True,True,True,True,18.0,3.0,28.0,20.0,100.09,2.0,True,clear_stockout,0.0,,False,-18.0,0.0,-100.0,backfill_base_bakery_raw_uplift_sku_rollingbias_20260708_h1,2026-07-16 14:19:08.737000+00:00,Чебоксары,False,False,True,excluded_by_assortment_asof
2026-07-09,89,Парина 6 Казань,4947,Капуста и курица,Пироги сытные,3,2.0,2.0,2.0,0.0,True,True,True,True,10.0,3.0,2.0,18.0,1196.99,8.0,True,clear_stockout,0.0,,False,-2.0,0.0,-100.0,backfill_base_bakery_raw_uplift_sku_rollingbias_20260709_h1,2026-07-16 14:25:14.293000+00:00,Казань,False,False,True,excluded_by_assortment_asof
2026-07-11,257,Ярмарочная 12 Чебоксары,10169,Бейгл курица,Фастфуд,5,6.0,6.0,6.0,0.0,True,True,True,True,16.0,4.0,2.5,19.0,184.898,3.0,True,clear_stockout,0.0,,False,-6.0,0.0,-100.0,backfill_base_bakery_raw_uplift_sku_rollingbias_20260711_h1,2026-07-16 14:37:43.514000+00:00,Чебоксары,False,False,True,excluded_by_assortment_asof
2026-07-13,21,Парковая 7 Казань,4947,Капуста и курица,Пироги сытные,0,4.0,3.0,3.0,0.0,True,True,True,True,16.0,3.0,2.0,18.0,294.69,2.0,True,clear_stockout,0.0,,False,-3.0,0.0,-100.0,backfill_base_bakery_raw_uplift_sku_rollingbias_20260713_h1,2026-07-16 14:49:57.647000+00:00,Казань,False,True,True,excluded_by_assortment_asof
2026-07-17,257,Ярмарочная 12 Чебоксары,4944,Пирожок капуста и курица,Выпечка сытная,4,21.0,21.0,21.0,0.0,True,True,True,True,18.0,3.0,16.0,20.0,129.43200000000002,2.0,True,clear_stockout,0.0,,False,-21.0,0.0,-100.0,prod_base_bakery_raw_uplift_sku_20260717_h14,2026-07-17 03:38:53.482000+00:00,Чебоксары,False,True,True,excluded_by_assortment_asof
2026-07-18,257,Ярмарочная 12 Чебоксары,11251,ЖарПицца с салями,Фастфуд,5,12.0,12.0,12.0,0.0,True,True,True,True,17.0,3.0,5.0,19.0,133.39,2.0,True,clear_stockout,0.0,,False,-12.0,0.0,-100.0,prod_base_bakery_raw_uplift_sku_20260718_h14,2026-07-18 03:38:40.626000+00:00,Чебоксары,False,True,True,excluded_by_assortment_asof
2026-07-19,257,Ярмарочная 12 Чебоксары,4944,Пирожок капуста и курица,Выпечка сытная,6,15.0,15.0,15.0,0.0,True,True,True,True,18.0,3.0,16.0,20.0,97.668,2.0,True,clear_stockout,0.0,,False,-15.0,0.0,-100.0,prod_base_bakery_raw_uplift_sku_20260719_h14,2026-07-19 03:38:41.959000+00:00,Чебоксары,False,True,True,excluded_by_assortment_asof
