Пекарня,demand_units,sold_units,lost_units,demand_rub,sold_rub,lost_rub,abs_err_units,abs_err_rub,sku_count,test_rows,wmape_pct,capture_pct,err_value_pct,demand_rub_norm,abs_err_rub_norm,lost_rub_norm,priority_score
Ильича 19/43 Казань,17589.9,16099.7,1490.2,1810919.728633731,1625886.3875145316,185033.34111919926,4670.09,494950.3610754016,163,959,26.54983825945571,91.52809282599674,27.331435692559523,1.0,1.0,0.9057760728944408,0.9858664109341662
Парина 6 Казань,15051.26,13822.8,1228.46,1786770.173209394,1643470.8052980034,143299.3679113908,3463.02,433112.2754420672,182,1130,23.00817340209391,91.83815840002764,24.239954412497916,0.9866644804612313,0.8750620456181183,0.701479732949422,0.9048259161393704
Баумана 29/11 Казань,15242.77,14045.7,1197.07,1430564.6903102663,1270794.608666993,159770.08164327338,4134.96,436053.0860971571,156,975,27.127352836787537,92.14663738939839,30.48118613934084,0.7899658210635169,0.8810036730748602,0.7821072474913684,0.8206502832316648
Айдарова 8А корп 1 Казань,13053.06,11452.5,1600.56,1386919.0760102463,1194614.6710669429,192304.4049433035,3314.24,410464.6409438117,152,852,25.390521456271554,87.73804763021084,29.59542831616365,0.7658644688004053,0.8293046600713173,0.9413694183776167,0.8143942781818061
Кулагина 4 Казань,14494.97,13512.5,982.47,1480314.3598715984,1327899.8520500239,152414.5078215747,3146.98,380086.60554070486,157,942,21.710841760969497,93.2219935605248,25.67607366679016,0.817437866773056,0.7679287367623554,0.7461002082745205,0.7894090224945305
Татарстан 16 Казань,14719.97,12926.6,1793.37,1358121.5432580537,1166387.3902153792,191734.1530426745,3980.6,382647.3648038561,149,915,27.042174678345134,87.81675506132146,28.174751126170015,0.7499623101917963,0.7731025066280596,0.9385779186187727,0.7863537202085349
Татарстан 53А Казань,14219.01,12718.5,1500.51,1371205.0493625305,1192173.5837910972,179031.46557143336,3621.59,371971.6779250152,155,908,25.47005733873174,89.44715560366016,27.127356196503495,0.7571870954197687,0.7515332994541415,0.8763956637704742,0.773089552084405
Баки Урманче 6 Казань,13161.12,12456.4,704.72,1417061.6767329995,1296591.9010500158,120469.77568298369,3145.57,395620.9720552737,167,968,23.900473515931775,94.64544050962228,27.91840175703347,0.7825093814633727,0.7993144427568245,0.5897242067866704,0.7594733767145755
Шамиля Усманова 47 Наб Челны,13629.75,12812.4,817.35,1444487.4956247595,1328148.064637841,116339.43098691852,2913.42,350977.68161859916,144,851,21.375447091839543,94.00319154790073,24.29773069560542,0.7976540720082439,0.7091169321626792,0.569505324201114,0.7324437608912268
Хади Такташ 105 Казань,12911.75,11449.6,1462.15,1236838.5763043375,1063752.0729885784,173086.5033157593,3374.78,341607.179619139,140,847,26.13727806068116,88.67581853737875,27.619382687743954,0.6829891776801639,0.6901847265590699,0.8472938568589229,0.7101533216645948
Четаева 46А Казань,11248.03,10029.2,1218.83,1162094.2656633283,992598.4920230738,169495.77364025448,3358.9900000000002,366288.16817729233,168,995,29.862918217679006,89.16405806172281,31.519660581769887,0.6417149514076385,0.7400503100582472,0.8297165002342642,0.7043325592593453
Сармановский тракт 18/38А Наб Челны,12767.46,11747.2,1020.26,1310631.2018393157,1167151.8795294517,143479.3223098638,2883.66,332454.38181610394,141,893,22.58601162643157,92.00890388534604,25.365974909611765,0.7237378781157442,0.6716923715213883,0.7023606465586292,0.7023153660741523
Сибирский Тракт 25 Казань,11884.16,10387.1,1497.06,1170270.0224533472,984120.5957510972,186149.42670225,3081.36,326200.8460887054,144,866,25.928294469276754,87.40289595562497,27.873981203488395,0.6462296500222409,0.6590576989982464,0.9112395402366782,0.6904709506960084
Энгельса 30 Зеленодольск,11820.9,10248.4,1572.5,1141485.929652179,953200.7427378395,188285.18691433928,2844.06,311727.19992709375,143,815,24.05958937136766,86.69729039244051,27.308895522004363,0.6303349130297377,0.6298150773135909,0.9216945235702181,0.6738569121101583
Фучика 96 Казань,13071.66,11701.1,1370.56,1221731.4684862478,1045117.2581704744,176614.21031577326,2729.52,281383.2021821255,135,825,20.88120407048531,89.51502716563925,23.031509741724623,0.674646948270864,0.5685079238466483,0.8645627045891082,0.6659856531701251
Восстания 117 Казань,11346.61,10179.2,1167.41,1130169.265019309,973075.8786197007,157093.3863996082,2991.96,334292.8963229441,156,915,26.36875683574213,89.71137634941185,29.579011451637083,0.6240857875417692,0.6754069147391072,0.769004276472862,0.6637859554005014
Ямашева 19А Казань,12771.33,11684.4,1086.93,1211654.8238176059,1078904.6377237951,132750.1860938106,2957.23,323202.11073237774,148,831,23.155223457541226,91.4892967294714,26.67443766815147,0.6690825687407761,0.6529990402070655,0.6498393290028612,0.6605668477932902
Зорге 101 Казань,12442.25,11142.9,1299.35,1219868.3778650477,1060481.036206304,159387.34165874336,2584.57,291950.5238167747,148,881,20.77252908436979,89.55695312343025,23.932952859039748,0.6736181392122728,0.5898581893797193,0.7802336569371993,0.660294484429618
Губкина 17 Казань,11191.09,9691.4,1499.69,1069687.7494246045,894601.5702256481,175086.17919895652,3046.2200000000003,297854.6781161016,129,790,27.220047376975792,86.59924993901397,27.845011619168353,0.5906875564449466,0.6017869700487518,0.8570826795521114,0.6345316196723532
Халтурина 8/20 Казань,11967.02,10157.5,1809.52,1085680.23686087,899944.0248710583,185736.2119898117,2835.91,280123.4509569099,144,842,23.69771254664904,84.87910941905336,25.8016533272133,0.5995186974300477,0.5659627166414682,0.9092167696525733,0.6342288149874238
Урицкого 27 Казань,10866.13,9893.3,972.83,1068856.8201956416,924436.7775877865,144420.04260785502,2706.38,302768.41562357044,153,859,24.90656747158372,91.04713453639889,28.326377294215355,0.5902287126785309,0.6117147080481595,0.7069656649410063,0.6152593538972723
Тэцевская 4Д Казань,9434.44,8547.1,887.34,1085347.4592943015,940218.1724689425,145129.28682535884,2318.61,294237.7961764637,144,838,24.576021470272746,90.59467228579544,27.110009210117713,0.5993349357970462,0.5944794050400521,0.7104375605365133,0.6143008937430183
Дубравная 51Г Казань,10379.79,9118.8,1260.99,1022267.6056725295,861727.6792037388,160539.92646879074,2581.89,296658.443372042,145,889,24.87420265727919,87.85148832490829,29.019646296712715,0.5645018879129398,0.5993700918360346,0.7858757954653576,0.6099118454188857
Сыртлановой 16 Казань,10077.4,8678.7,1398.7,1009468.2761007355,829829.3101994295,179638.96590130596,2409.26,277050.097056428,146,847,23.90755552027309,86.12042788814577,27.445151434236948,0.557434026555302,0.5597532981983656,0.8793695022135664,0.6065360929791139
Гудованцева 27 Казань,11685.13,10361.5,1323.63,1103759.6428754248,947885.4988726863,155874.14400273858,2631.4,264021.97534924274,128,733,22.51921887047898,88.67252653586225,23.92024178936586,0.6095022465231901,0.5334312208108909,0.763035835415358,0.6059074258577105
Хади Такташ 73 Казань,9962.8,8870.9,1091.9,1005911.0639309016,856577.6530012479,149333.41092965368,2653.32,299036.16934928304,145,842,26.632272052033567,89.04022965431405,29.727893456177807,0.5554697141047895,0.6041740604038621,0.7310176084247256,0.5988484194574554
Вишневского 8/35 Казань,10286.43,9125.1,1161.33,992852.32668723,837442.3339970418,155409.99269018826,2684.23,289885.3810603454,135,792,26.094864787880734,88.7100772571242,29.197230370359556,0.5482586063802501,0.5856857653977623,0.7607637197492424,0.5932338790417282
Строителей 30 Зеленодольск,9947.16,8709.0,1238.16,1036090.7507175405,873178.8712111736,162911.8795063668,2210.22,261032.50768713944,130,790,22.21960841084289,87.55262808681071,25.19398107804383,0.5721351058996033,0.5273912865120091,0.7974869910178479,0.590277551881682
Амирхана 17 Казань,9880.15,8702.7,1177.45,963596.1310054818,816172.9651172116,147423.1658882703,2811.46,297852.3236604885,127,778,28.45564085565503,88.0826708096537,30.910493937920762,0.5321031715373038,0.6017822130957353,0.7216665680047416,0.5849253455528705
Школьная 14А Васильево,8363.28,6618.1,1745.18,871564.6571863205,667283.1060873625,204281.55109895804,2501.78,270808.87763871474,143,801,29.913861547144183,79.1328282683349,31.07157632033512,0.48128287709576306,0.547143509604308,1.0,0.5821416669093893
Беломорская 238 Казань,9030.72,7789.1,1241.6200000000001,946580.2439842004,775274.0752998162,171306.16868438423,2317.15,271290.6304642179,137,798,25.658529995393504,86.25115162467667,28.660077387876065,0.5227069035789669,0.5481168452423637,0.8385787544828271,0.5789811607967348
Чуйкова 5 Казань,10395.23,9315.8,1079.43,1003745.099991826,859445.0442267753,144300.05576505067,2425.81,272516.6159910683,144,841,23.335799207905932,89.61610277021286,27.14998220098784,0.554273656706536,0.5505938320743091,0.7063783047894955,0.5758014152977005
Державина 9б Сокуры,8071.88,6864.6,1207.28,892068.6936424013,740722.6988025744,151345.99483982683,2625.07,298566.69520085765,155,853,32.521172267179395,85.04338518412068,33.469025124262735,0.4926053206761587,0.6032255326617966,0.7408696185516617,0.5685620395524573
Калинина 32 Казань,9045.42,7447.6,1597.82,939179.3590636586,758548.7179187398,180630.64114491892,2313.57,249093.6411959355,146,751,25.57725346086749,82.33559082939212,26.522478245718307,0.5186200935434246,0.5032699454036526,0.8842239554829787,0.5680881209854375
Парковая 7 Казань,10867.14,9642.2,1224.94,978209.8122811603,829322.8074626953,148887.00481846492,2433.01,259253.32229514484,145,816,22.388687363924642,88.72803699961537,26.50283395650803,0.540172928050865,0.5237966121124816,0.7288323591509304,0.5627401321374407
Шамиля Усманова 16А Казань,11281.41,10400.8,880.61,1036621.7442210632,927633.4672870208,108988.27693404244,2554.86,267381.023846395,131,779,22.646637255449452,92.19414949017897,25.793499445384494,0.5724283234813253,0.5402178579392162,0.5335199206571833,0.5553184001179658
Ершова 32 Казань,9233.56,7826.6,1406.96,874075.8546554851,710386.9963768116,163688.8582786735,2546.29,254872.06144879718,126,713,27.576471046920148,84.76254012536877,29.15903237588623,0.4826695743797223,0.514944692423347,0.8012904611213734,0.5417589987062386
Комсомольская 52Б Заинск,9672.81,8634.7,1038.11,940747.6055835158,810277.4505685759,130470.1550149399,2473.5,258337.29906928685,136,815,25.571679791084495,89.267751563403,27.460851086519472,0.5194860880406188,0.5219458745478747,0.6386781102505804,0.5382258166496525
19 квартал 8/1 Казань Куюки,9009.26,8010.7,998.56,925447.6020149932,801708.644595274,123738.95741971917,2437.61,271102.44941019046,152,901,27.056717199858817,88.91629279208281,29.294197620688017,0.5110373405193436,0.5477366433699605,0.6057275204444554,0.5380856235058262
Максимова 50 Казань,8741.44,7549.3,1192.14,912396.9104770157,764000.549443033,148396.36103398268,2165.16,248538.27426528404,145,819,24.768916791741404,86.36220119339605,27.24014860323719,0.5038306756784764,0.5021478794868912,0.7264305574128744,0.5366316792715813
Строителей 10Е Нижнекамск,9173.47,7904.1,1269.37,877340.6674890438,723949.4209930706,153391.24649597326,2300.39,243148.59712799604,130,749,25.076552275202296,86.16259714153969,27.714274071426477,0.48447242228177806,0.4912585508568896,0.7508815439807753,0.5268089355379166
Розы Люксембург 4 Чебоксары,10327.67,9486.9,840.77,963365.1452630584,851800.7905632654,111564.35469979297,2359.31,242323.30938241846,129,779,22.844552546702207,91.8590543656023,25.153838144751354,0.5319756199187693,0.4895911356765381,0.5461303485293637,0.5192642597255775
Фучика 30 Казань,10475.65,9279.0,1196.65,921222.4835496905,804822.5663264955,116399.91722319498,2679.3,245766.27991014216,129,777,25.576455876246346,88.57684248710103,26.678276344618286,0.5087042064778416,0.496547329263796,0.5698014167065363,0.5136138809872298
Фучика 72 Казань,9489.47,8434.2,1055.27,906359.3135083227,780063.5394523815,126295.77405594112,2285.51,238849.55684198724,127,753,24.084695984074983,88.87956861658239,26.352634466506643,0.5004966808728379,0.4825727499683559,0.6182436611456946,0.5118853520971977
Кулахметова 19Б Казань,8936.98,7737.7,1199.28,841620.7142832123,691740.1759940368,149880.53828917543,2152.56,236112.6717531474,132,738,24.085988779207295,86.5807017583121,28.054522393051933,0.46474766439160875,0.47704313466937265,0.7336959088222819,0.509393315653427
Яраткан 1 Казань,8344.25,7448.3,895.95,879746.1516586532,761605.5607041077,118140.59095454545,2273.94,252433.19122247433,135,777,27.251580429637173,89.26266590766096,28.69386706000846,0.4858007440906217,0.5100171877317172,0.578322370860185,0.5081547433804396
Копылова 14 Казань,7827.61,6521.7,1305.91,791501.0535183639,627349.4050204059,164151.64849795797,2222.97,235690.5740549961,127,749,28.399089888228975,83.31661899353698,29.777670289547853,0.4370713074706635,0.47619032652668497,0.8035559139573972,0.5057356551132811
Декабристов 8 Казань,9060.07,8316.4,743.67,877592.7245411043,769418.4335072697,108174.29103383458,2221.3,251023.94943260774,134,822,24.5174706155692,91.79178527318221,28.603695360381305,0.4846116095953155,0.5071699490979183,0.5295352930888645,0.49924558094525884
Радужная 7 Чебоксары,8213.22,7144.1,1069.1200000000001,828872.425963311,703646.9594670989,125225.46649621212,2314.01,251152.07032065472,140,858,28.174211819481283,86.98293726455643,30.300449436325156,0.45770798829866594,0.5074288051330339,0.6130042865963476,0.498404718935347
Мусина 68 Казань,9955.97,8786.0,1169.97,882476.4765952529,754864.4096864898,127612.06690876296,2194.22,226150.3649056251,110,648,22.03923876829681,88.24855840264686,25.626786764691158,0.4873084447873608,0.45691524381204146,0.6246871840470075,0.49727763533494607
Адоратского 31Б Казань,10285.0,9105.5,1179.5,887623.5460148951,766486.6862745098,121136.85974038522,2306.4900000000002,224109.32443337992,113,673,22.425765678172098,88.53184248906175,25.248240139589445,0.49015068530098393,0.4527915161965883,0.5929897197701623,0.4925008312848222
Можайского 2/37 Казань,7366.6,6267.1,1099.5,759538.2872457319,605494.1579124691,154044.12933326277,2101.57,235512.7781231531,136,762,28.528357722694324,85.07452556131729,31.007360929385,0.419421289213506,0.4758311068032026,0.7540775390854593,0.4893631628506928
Карбышева 40 Казань,8188.91,7001.7,1187.21,798001.9216804602,651205.2518315323,146796.66984892788,2049.7400000000002,225807.52231641844,130,728,25.030681739083715,85.50222190743334,28.29661385287207,0.44066112321970335,0.4562225630582347,0.7185997416762155,0.4877984199316661
Чулман 9 Нижнекамск,8945.78,8268.3,677.48,884331.0316962737,786223.9622980054,98107.0693982684,2087.35,239425.80833342337,121,715,23.333348237940122,92.42682024373502,27.074228965387583,0.48833254048398234,0.4837370111483742,0.48025418286912946,0.4855123515742915
Беломорская 6 Казань,8914.26,7607.5,1306.76,789854.4904988926,642327.4809976757,147527.009501217,2201.11,220620.36420365068,114,697,24.69201032951698,85.34079104715366,27.931773112323654,0.4361620661644718,0.4457424048025717,0.7221749037422962,0.48241711032448037
Шоссейная 18 Казань,7320.24,6524.8,795.44,798363.337778994,672086.2796411319,126277.05813786214,1854.09,229869.92367614107,141,796,25.328267925641786,89.13368960580527,28.792645252928,0.44086069921018994,0.46443025756500517,0.6181520428963799,0.4757037461873037
Камая 1 Казань,8451.68,7498.8,952.88,819080.3048592537,693500.4007430921,125579.90411616162,2066.19,221639.0969414006,123,724,24.447092175756772,88.725555155898,27.059507550909295,0.4523007242718694,0.4478006571403142,0.6147393312836568,0.4750914918275932
Рауиса Гареева 96 Казань,8085.86,6999.5,1086.36,786904.2739505725,653989.8652287582,132914.4087218143,2017.68,219549.5247734529,136,751,24.953189889510828,86.56469441716776,27.900410766766704,0.43453294009020565,0.4435788758622733,0.6506432323760256,0.4701155614533023
Габдуллы Тукая 62А Казань,7060.11,5974.7,1085.41,742999.8075574157,591268.3833879351,151731.42416948057,1822.79,212227.61344518384,143,822,25.81815297495365,84.62616021563404,28.563616206425984,0.41028864825387945,0.4287856523310076,0.742756374000601,0.46663275854288255
Олимпийская 5 Казань,8056.48,7192.5,863.98,817424.346770141,708403.6114368384,109020.73533330263,2048.05,226664.91452999113,126,737,25.42115166921534,89.27596171032512,27.729161166486406,0.4513862949556887,0.45795484225429345,0.5336788111643563,0.4660291639415005
Татарстан 16 Наб Челны,7729.74,6984.0,745.74,788241.7959140034,679406.8751995045,108834.92071449885,1968.98,229695.95601110772,119,696,25.47278433685997,90.35232750390053,29.140291367671573,0.43527152719723333,0.4640787724895011,0.532769210577303,0.4599787155565375
Карла Маркса 60 Зеленодольск,8315.19,7022.5,1292.69,758869.1334455148,630415.5073568698,128453.62608864508,2373.81,218616.68476507705,113,690,28.547874432213817,84.45387297223515,28.808219379339565,0.41905177874341915,0.44169416159244423,0.6288067884623589,0.4584398641984189
Белинского 1/3 Казань,7761.46,6884.9,876.5600000000001,745877.1149809051,626538.3511555083,119338.76382539682,2164.05,230059.07173183418,132,802,27.881996428507012,88.70624856663565,30.844098459532955,0.411877513501739,0.4648124131720485,0.5841876722758325,0.4562512522024613
Декабристов 85 Казань,7284.96,6098.1,1186.86,717077.0318767092,568901.5691169273,148175.4627597819,1920.8799999999999,211019.66785361027,144,806,26.367749445432782,83.70807801278251,29.427754407547667,0.3959739465744935,0.426345113467779,0.725349215152585,0.4560101452738571
Карла Маркса 54 Зеленодольск,6719.49,5161.2,1558.29,658113.6875574319,498864.70617610466,159248.98138132723,2207.14,221276.6546213391,131,690,32.84683807848513,76.809400713447,33.62286164303928,0.36341405814489264,0.4470683769995865,0.7795563550630369,0.4551144142817571
Лаврентьева 9 Казань,9268.26,8258.5,1009.76,819393.3790449883,721737.2783373871,97656.10070760122,2227.43,221839.5530450883,122,696,24.032882115952724,89.10518263406507,27.07363260655641,0.4524736055878021,0.4482056595798561,0.4780465988350297,0.4548157734721051
Шаляпина 26 Казань,6192.55,5267.2,925.35,684881.831036334,549089.1390794036,135792.69195693047,1947.89,232013.25113347062,146,835,31.455377833041315,85.05704435168064,33.876391607935936,0.3781955766493587,0.46876064627847663,0.664733017868803,0.45287396720246664
Химиков 15В Нижнекамск,7924.93,6943.2,981.73,764926.7743855013,643428.5201774812,121498.25420802005,1983.94,209927.34929484403,117,664,25.034164339621928,87.61213032796503,27.44411051155684,0.42239684194208266,0.4241381879967218,0.5947588196506491,0.4488606097174913
Вагапова 3 Казань,9055.83,8183.0,872.83,822716.379524653,721013.3721159643,101703.00740868873,2160.25,206832.39121866817,121,678,23.85479851101445,90.36167860924951,25.140181521385447,0.45430858503339666,0.41788512037706943,0.49785703535911463,0.44809263995253984
Маяковского 13/34 Казань,6650.86,5213.7,1437.16,652900.9094594512,488045.1791184041,164855.73034104705,2001.63,204839.463156099,130,695,30.095807158773457,78.39136592861675,31.373744497566925,0.3605355329316776,0.41385859929677554,0.8070025386736351,0.4461686570207555
Проспект Победы 46В Казань,7192.11,6194.2,997.91,711236.8243112029,578902.2605397862,132334.5637714167,1870.05,212099.80671222517,121,709,26.001409878325,86.12493412920547,29.821263391084003,0.39274895130100745,0.4285274310162863,0.6478047726752927,0.4435297924074978
Кайманова 16 Нижнекамск,7167.48,6250.3,917.18,735901.3386890999,616433.8734310421,119467.46525805785,1872.03,213126.53765045956,123,711,26.11838470424752,87.20359177842143,28.961292288190855,0.40636883405335095,0.4306018429553009,0.5848176921281817,0.441617715880258
Альфии Авзаловой 5 Казань,7109.55,6295.8,813.75,766781.0982963161,663563.3849262804,103217.71337003577,1839.28,215704.36448835168,143,833,25.870554395144556,88.55412789839019,28.131153071928562,0.42342080997417975,0.4358100962279951,0.505271831033019,0.44003471332184096
Проспект Победы 147 Казань,6293.9,5551.4,742.5,708874.2924704688,601333.6424704688,107540.65,1922.92,233599.13185972662,143,802,30.552121895803875,88.20286308965824,32.95353412318281,0.3914443480083389,0.47196476703678925,0.5264334905500359,0.43987486604955106
Проспект Московский 113 Наб Челны,7348.49,6155.2,1193.29,685717.4422433379,547310.499840372,138406.94240296588,2081.65,210341.62885027935,129,738,28.32758838890711,83.76142581673241,30.67467967011932,0.37865700583022815,0.42497520032768604,0.677530308823232,0.43969936935328896
Павлюхина 116 Казань,7152.22,6025.7,1126.52,699281.5352801498,560985.5394583604,138295.9958217893,1847.47,204842.62805464005,126,717,25.830721090794185,84.24936593113745,29.293298581461176,0.38614717384946196,0.41386499367243407,0.6769872026025296,0.43947441510046237
Гаврилова 40 Казань,6641.63,5716.2,925.43,689717.2720900532,557752.160684521,131965.11140553223,1899.83,214043.94347459258,135,751,28.604875610354686,86.06622169557774,31.033577399906818,0.3808657342368335,0.43245537392786093,0.6459962277337796,0.43869168215323506
Юности 12 Нижнекамск,7136.76,6298.6,838.16,731938.0330353867,622356.3760499653,109581.65698542145,1991.74,219748.97185513383,129,760,27.90818242451757,88.2557350954775,30.022892914011166,0.40418027451034827,0.4439818396690833,0.5364246374472549,0.4379474767564415
Автозаводский Проспект 28/14 Наб Челны,7005.02,6269.6,735.42,723161.053487328,611362.9308655332,111798.12262179487,1916.15,220735.60268559543,125,738,27.353954735318386,89.50152890355774,30.52371274989623,0.39933357732698904,0.4459752331647823,0.5472746903494856,0.43784932382359115
Чуйкова 40 Казань,8657.6,7519.2,1138.4,762861.0755304276,644790.1250353927,118070.95049503494,2042.38,197567.1046980419,108,652,23.59060247643689,86.85085936056181,25.898176094601606,0.4212561514838523,0.3991654926138021,0.5779814665585686,0.4370332181405422
"Яблоневая, 1д Габишево",6785.48,5587.9,1197.58,673756.7080982148,539834.5541326839,133922.1539655309,1984.48,211515.66098442784,123,710,29.24597817693074,82.35084327122031,31.39347756276362,0.3720522215562466,0.4273472202845917,0.6555763515847612,0.4339340906154446
Люблинская 78к2 Москва,6826.23,6315.3,510.93,784255.7313470264,686110.1450602617,98145.58628676471,1502.62,203563.15067299557,106,614,22.012443178738483,92.51519506374676,25.956220979521365,0.43307040005506875,0.4112799316495183,0.48044273092101714,0.4325495857430184
Космонавтов 26 Казань,8318.07,7388.5,929.57,751000.9076671078,640845.5908014582,110155.31686564955,2029.75,200004.0651700362,122,739,24.401694142992305,88.8246913045935,26.6316675689946,0.41470690047300385,0.4040891388289486,0.5392328199636987,0.42966957182118876
Декабристов 150 Казань,8456.15,7618.7,837.45,753330.2478272178,650964.8069727838,102365.44085443413,1925.7,197520.08720559967,131,747,22.77277484434406,90.09655694376283,26.21958799282177,0.4159931751340389,0.3990704982544888,0.5010997826467759,0.42283622935310694
Залесная 40 Казань,6995.66,5944.5,1051.16,680567.3655627907,561089.6236437247,119477.74191906594,2014.05,207591.13907499073,116,668,28.789992652587458,84.97411252119171,30.50265845517359,0.37581310469031803,0.4194180980572432,0.5848679984869929,0.422433086438243
Баки Урманче 9 Казань,7479.11,6829.6,649.51,740822.0295803228,653272.6553422275,87549.37423809523,1937.17,215680.9852200733,148,866,25.90107646498046,91.31567793494146,29.113738065032567,0.409086067077774,0.4357628606461731,0.4285721043682725,0.42134585042028844
Арсланова 13 Казань,7114.45,5983.0,1131.45,666216.9379340219,548975.4743599446,117241.4635740773,2305.69,213151.34438531764,129,700,32.40854879857192,84.09645158796533,31.994284781517646,0.3678887183125764,0.4306519625972064,0.5739209583213082,0.42076068981350667
Максимова 2А Казань,8108.5,7017.0,1091.5,719034.4333327223,603945.6798400972,115088.75349262502,2015.09,194587.8845180846,119,655,24.851575507183817,86.53881729049763,27.062387487643726,0.3970548346034123,0.3931462623752703,0.5633830019083502,0.42063605941930327
Салиха Батыева 15 Казань,5584.55,4708.5,876.05,636630.4770566598,509694.3918841934,126936.08517246642,1717.55,214326.22332341052,141,789,30.755387631948857,84.31297060640517,33.66571834799791,0.35155090918191767,0.43302569344072,0.6213781151043642,0.42054116456086543
Карла Маркса 19 Чебоксары,8124.42,7518.6,605.82,727075.2872288368,636879.1744090382,90196.11281979857,2226.86,215914.80508171578,132,773,27.409464306375103,92.54322154689196,29.696347664992167,0.4014950390856844,0.43623527137668444,0.441528431395676,0.41965912923403315
Булатова 1А Казань,5908.0,5294.8,613.2,697830.2536463585,605135.6855392157,92694.56810714286,1713.34,221784.37730010305,115,700,29.000338524035207,89.62085308056872,31.781995140110013,0.3853457680163684,0.44809418224935094,0.4537588813501801,0.417569679997984
Маршальская 25 Казань,7368.74,6408.6,960.14,670637.8840927109,559948.2949781457,110689.5891145652,2037.87,196326.23073003674,118,670,27.655610050022123,86.97009258027832,29.274551197721486,0.37032998950134655,0.39665842510644833,0.5418481919639673,0.4052726723325253
Королева 3А Зеленодольск,6827.92,5778.0,1049.92,659730.0150174501,543757.1235294117,115972.89148803828,1818.21,192435.5951850667,117,643,26.629046620347047,84.62313559619913,29.168840405112796,0.3643066032060907,0.38879776704668517,0.5677110383397211,0.40338917582034334
Братьев Батталовых 27 Казань,5208.16,4403.9,804.26,603945.1854996393,479664.94877344876,124280.23672619047,1505.34,203897.48965627037,122,674,28.90348990814414,84.55769408005898,33.76092641380816,0.3335019084226845,0.4119554316785482,0.6083771934254928,0.402191934312658
Раскольникова 48/1 Наб Челны,5798.46,5086.1,712.36,651522.2074468811,561139.6707545471,90382.53669233398,1821.95,213993.9307769473,128,727,31.421273924455807,87.71466906730409,32.84522435781965,0.359774205971255,0.4323543280420945,0.44244101440443284,0.3975772699610255
Вахитова 20 Наб Челны,6197.41,5289.4,908.01,613410.9109539033,495831.57279251236,117579.33816139103,1752.1399999999999,198515.89932552283,118,674,28.272133036219966,85.34855689715542,32.36262932082747,0.3387289349466076,0.4010824416699043,0.5755749235741473,0.39607956059389243
Лиственная 23А Казань,5521.84,4859.7,662.14,645404.6898952114,553752.9126864698,91651.77720874155,1660.15,208824.7112736573,131,729,30.065159439607086,88.00870724251337,32.35562346278616,0.35639607857281685,0.42191041303603494,0.448654206489472,0.3931648148224414
Лемаева 2А Нижнекамск,6812.04,6135.0,677.04,648817.4906284304,552691.0467236685,96126.44390476191,1873.92,197988.9137570868,131,769,27.508940053199925,90.06112706325858,30.515347785294612,0.35828064622054684,0.4000177175887034,0.47055861573224667,0.38973031662615665
2-я юго-западная 30 Казань,6166.59,5331.4,835.19,612741.1802266351,505668.8623006867,107072.31792594831,1761.2,200245.94634534218,130,725,28.56035507468471,86.45620999612427,32.680347397456956,0.3383591058941771,0.40457783667489106,0.5241409092007548,0.3894029321634137
Королева 9 Зеленодольск,7124.57,5983.0,1141.57,640094.336763561,533883.4626161188,106210.87414744221,2026.41,189856.38747579174,112,655,28.442558638626615,83.9769979100493,29.660688522217182,0.3534636718804138,0.3835867238550588,0.5199239656056437,0.38897578413032396
Проспект Победы 1-06А Заинск,6623.69,5904.3,719.39,657147.0775785126,563298.274387677,93848.80319083558,1791.57,195503.91480325087,137,751,27.047914380050997,89.139135436592,29.75040466186857,0.36288029070968525,0.3949970142025363,0.4594090983055702,0.3886004650715658
Ершова 78Б Казань,6745.56,5846.5,899.06,633201.5128106291,525778.4765097665,107423.03630086256,1839.99,190216.11285189266,132,729,27.277053350648423,86.67182561566422,30.040375615587067,0.34965741595203403,0.3843135146696353,0.5258577474224518,0.3882171002237571
Винокурова 28 Новочебоксарск,7697.7300000000005,6842.5,855.23,676303.1604236034,583976.2904365904,92326.869987013,2042.43,187858.7253559393,117,682,26.53288696797627,88.88984155069092,27.777295205640286,0.373458386768942,0.379550638063522,0.4519589238006521,0.3873657552768015
Бигичева 16А Казань,6377.88,5583.3,794.58,616998.482578898,514070.596953405,102927.88562549293,1851.85,199025.124192364,134,753,29.03551023224018,87.54162825264822,32.25698762831461,0.34071001205801626,0.4021112819474116,0.5038530649086007,0.3866719144468923
Гагарина 17 Зеленодольск,7005.2,5731.5,1273.7,620355.5321336709,501912.5686359998,118442.96349767107,2047.32,179806.6417233973,115,643,29.22571803802889,81.81779249700223,28.984450433602895,0.3425637935932727,0.3632821710296828,0.5798025463410298,0.3854010386081798
Закиева 5 Казань,7120.56,6304.6,815.96,665165.9684843069,572486.1239816354,92679.84450267152,1761.15,186463.756101779,122,692,24.733307492669116,88.54078892671363,28.032666272249042,0.36730836710589543,0.3767322357269132,0.4536868062930243,0.383563487001321
Бызова 8 Нижнекамск,6557.88,5699.7,858.18,637694.5874181029,526472.9361440596,111221.65127404332,1660.19,177692.06403873683,117,659,25.315955766192733,86.91375871470657,27.86475964272745,0.35213851687353304,0.35900986848995736,0.5444527451241319,0.3833906241768713
Калинина 63 Казань,6621.23,5536.9,1084.33,615097.409813654,489775.73041254474,125321.67940110927,1744.13,171638.97062882158,122,693,26.341480359389426,83.62343552481941,27.904355942714865,0.33966022904710486,0.3467801705526462,0.6134752684563324,0.38322446448542846
Гагарина 17Б Чебоксары,7487.86,6694.0,793.86,659852.1338098672,571899.9045933296,87952.22921653755,2045.75,187219.9737938594,123,704,27.320890080744032,89.39803895906174,28.37301937827874,0.3643740378860968,0.37826010145154326,0.4305441619342892,0.3791596787412319
Мавлютова 17 Казань,6311.6,5371.6,940.0,600659.6372565505,488455.266745361,112204.37051118947,1748.85,182805.7937000465,148,787,27.708504974966726,85.10678750237658,30.43417309260077,0.3316876103115432,0.36934167156248937,0.549263356908992,0.37750289373899165
Белинского 9/6 Казань,7346.35,6615.5,730.85,659023.7048033825,572869.4971839931,86154.20761938939,1925.78,181882.8966715918,107,625,26.214106324909647,90.05152218448616,27.5988398210738,0.3639165747565136,0.36747704613530613,0.4217424782409968,0.3738366252617634
Ярдем 25 Казань,5153.53,4442.4,711.13,591067.2263358586,492001.8919191919,99065.33441666666,1668.49,192692.0208947308,123,751,32.375672597229475,86.20110875458181,32.60069452493016,0.32639062736469054,0.3893158507371526,0.48494508624852495,0.3721976243776274
Фрунзе 9 Казань,6387.68,5478.6,909.08,589931.0827545121,484733.8179363494,105197.26481816266,1909.36,184253.8871144872,116,640,29.891290734664228,85.768228840518,31.233120698466525,0.3257632425262672,0.37226740619837156,0.5149621404979592,0.3704195345072575
Даурская 38б Казань,6158.15,4867.0,1291.15,551858.038313755,426439.172342037,125418.86597171794,1915.09,175716.7420998741,105,628,31.09846301243068,79.03347596274855,31.84093188835126,0.3047390944987443,0.35501891890347587,0.6139510166092412,0.36871882135697487
Достоевского 75 Казань,5915.47,4482.5,1432.97,531220.9356687128,383591.35865153465,147629.57701717824,1714.95,160202.9317264788,111,609,28.99093394100553,75.7758893207133,30.157495868420874,0.293343171024758,0.3236747446317616,0.7226769927239467,0.36835929504208753
Школьный Бульвар 3 Нижнекамск,6325.24,5540.3,784.94,597411.8519712955,493384.7082031801,104027.14376811535,1716.43,177271.24152506035,121,676,27.136203527455088,87.59035230283753,29.67320466443941,0.32989416511687114,0.3581596367358838,0.5092341584861109,0.36668807918891155
Калинина 102 Чебоксары,7252.13,6347.0,905.13,628550.5502140756,538374.9353900853,90175.61482399031,2011.31,176523.5442837576,117,670,27.734058821339385,87.51911507377832,28.084223969517826,0.3470891284001267,0.35664898576943493,0.4414280895111642,0.3645859226460402
Ленина 55А Бугульма,5922.83,4946.6,976.23,584965.5359543767,467819.91679786996,117145.61915650676,1428.65,157341.56260592325,120,510,24.12107050177027,83.5175076779175,26.897578222145864,0.3230212398181286,0.31789362121902476,0.5734517802822003,0.358791154378053
Даурская 27Б Казань,6263.03,5404.0,859.03,568019.1569049308,472714.552584418,95304.60432051282,1954.89,185029.06250466156,106,587,31.213166789876468,86.2841148773038,32.57444053698171,0.3136633545504965,0.3738335741439613,0.46653554277324527,0.3576537596416215
Б. Хмельницкого 109/3 Чебоксары,6945.44,5958.0,987.44,602980.7563359514,509851.69654859864,93129.05978735274,1950.89,173056.57032578948,112,646,28.088789191181558,85.78290216314589,28.700181308832818,0.3329693452458421,0.3496442955406305,0.4558858070459783,0.3572430471190384
Ленина 70 Зеленодольск,6673.03,5743.5,929.53,589892.242025936,501139.2113594755,88753.03066646047,1970.6,180726.51223944372,115,646,29.53081283914504,86.07034585488151,30.637207843038162,0.3257417944587676,0.3651406816771905,0.43446424892019125,0.35583977315442916
Шамиля Усманова 88Б Наб Челны,5693.17,5094.9,598.27,576838.7468712211,487547.9428419448,89290.80402927627,1649.77,184935.99383237486,94,592,28.97805616203275,89.49144325569058,32.06025857927705,0.31853358144506144,0.3736455377677791,0.43709675958952376,0.35560724287968193
Студенческая 14А Нижнекамск,6095.42,5172.9,922.52,577445.0539382757,471498.92444110615,105946.1294971695,1724.11,166829.59207835252,111,617,28.285335547017265,84.86535792447444,28.890989876966767,0.3188683875976853,0.3370632798729031,0.5186279863610742,0.3552005397085199
проспект Мусы Джалиля 20 Наб Челны,5493.25,4665.5,827.75,561817.9639662317,456682.58075734915,105135.3832088825,1589.17,173197.98733519527,124,671,28.929504391753518,84.93150684931507,30.828132677082827,0.3102390211354656,0.34993001512086985,0.5146592173561128,0.3547938984634541
Ялчыгола 5В Заинск,5158.55,4348.7,809.85,534754.3998516377,419935.8141298225,114818.58572181522,1495.53,173524.9205325361,126,713,28.991286311075786,84.30082096713222,32.44946101998953,0.2952943697041112,0.350590552465727,0.5620604753788795,0.354662949521892
Азата Аббасова 10 Казань,6078.14,5137.2,940.94,565172.2740926866,465136.17553315277,100036.09855953386,1731.52,169953.69889752133,130,697,28.487662344072362,84.5192772789044,30.071131704109288,0.31209128994308727,0.34337523974779016,0.4896971754002122,0.349681555193302
Шишкинский бульвар 8А Наб Челны,5799.41,4997.2,802.21,555733.096000751,454837.9877322728,100895.10826847825,1600.44,170927.0806145272,113,641,27.596600343828083,86.16738599271305,30.75704539545656,0.3068789230210829,0.34534186467335026,0.4939022037266726,0.3483944447052149
Проспект Мира 67 Нижнекамск,6306.17,5664.3,641.87,586684.9681750966,501393.4736016469,85291.49457344966,1610.26,171547.01881045196,111,642,25.534674770898974,89.8215557144828,29.240056949823472,0.32397071990470155,0.3465943906732865,0.4175193213220354,0.3459212948863063
Университетская 4 Казань,5293.94,4504.5,789.4399999999999,547541.6144103975,455638.0462970446,91903.56811335283,1740.94,178127.05617254262,144,733,32.885525714307306,85.08785517025127,32.532149426551435,0.3023555410838097,0.35988872861011295,0.44988677449797176,0.3446218417301401
Мичмана Павлова 64 Чебоксары,5387.39,4503.2,884.19,514486.0261399603,413143.5255311099,101342.50060885037,1781.5,176175.35663006292,131,747,33.06796055232682,83.58778555107389,34.24298186519382,0.2841020604088952,0.3559455058226012,0.49609228079415774,0.34104579936148166
Сююмбике 9/26 Наб Челны,5885.91,5214.6,671.3100000000001,575174.0509324963,483334.76190167654,91839.28903081975,1503.32,161211.6181264617,114,646,25.540995360105747,88.59462682915643,28.028319056657487,0.31761432703946685,0.32571269930218805,0.4495721152338959,0.3402424255605836
Химиков 36 Нижнекамск,4827.11,3865.5,961.6,488953.6952599822,376187.9071564871,112756.88810349505,1540.23,169567.15347259314,121,655,31.90791177329707,80.07897064703312,34.67959340862172,0.2700029645316631,0.3425942615824478,0.5519680435991666,0.3377046803595633
Лукина 11Б Казань,6119.39,5064.0,1055.39,545417.8585566652,442916.25789473683,102501.60066192836,1679.76,158055.10346063745,108,604,27.44979483249147,82.75334633027148,28.978718056445263,0.3011827912262914,0.31933526246394445,0.5017663127703321,0.33762368439107604
Менделеева 35А Нижнекамск,5622.12,4695.2,926.92,537146.9255418881,429579.1107700349,107567.81477185314,1481.53,151453.00460502,121,680,26.351803234367104,83.51298086842685,28.19582453203659,0.2966155357681948,0.30599635138350245,0.5265664676676807,0.33439146101847533
Сахарова 27 Казань,6648.16,5839.0,809.16,580329.7267113448,495639.5808469016,84690.14586444321,1744.02,157905.3207906427,115,666,26.233123149864024,87.82881278428918,27.209586812909308,0.32046132003276656,0.31903264086433736,0.4145755963220468,0.33407842376720837
Ильгама Шакирова 5 Казань,5302.11,4515.0,787.11,520080.3089010042,422362.083858723,97718.22504228125,1557.75,167381.24129374308,125,689,29.379812942394633,85.15477800347409,32.18372978731706,0.2871912546302562,0.3381778345005469,0.4783507101673837,0.3337104759154271
Ярмарочная 12 Чебоксары,4958.02,4525.0,433.02,553355.147135981,487858.80019658705,65496.34693939394,1444.74,175273.3265045139,100,618,29.139454863029997,91.26627161649206,31.674653685193316,0.3055658063615366,0.35412303998261446,0.3206180224648197,0.3248186705444063
Ютазинская 3 Казань,4977.62,4183.2,794.42,496047.3644750939,397431.9994157023,98615.36505939158,1481.02,157245.94742648146,114,588,29.753577010699892,84.04016377304816,31.699784876969474,0.2739201283368548,0.3177004398680019,0.4827423941558988,0.3205665772456129
Столичная 37А Зеленодольск,5705.33,4896.5,808.83,517965.967498113,434289.48076923075,83676.48672888223,1613.5,153940.39451964488,108,630,28.280572727607346,85.82325649874767,29.720175490140804,0.2860237034851337,0.31102188547791226,0.4096135274024216,0.31331154077019935
Фучика 105А Казань,5807.31,4812.5,994.8100000000001,488462.7017647955,390758.9016450664,97703.80011972915,1539.75,141323.06831174163,92,549,26.51399701410808,82.8696935414159,28.932212797650102,0.26973183517820626,0.28552978121822653,0.47828009721934944,0.3065433555983848
Проспект Победы 18Б Казань,4716.83,3966.9,749.93,477920.74245147133,383975.0176109785,93945.72484049284,1397.84,149190.93191983982,114,631,29.635157510446636,84.10097459522603,31.21666809324327,0.26391050629949464,0.30142604926216393,0.4598835496162043,0.3064369028339353
Сююмбике 74а Наб Челны,4593.72,3697.8,895.92,437603.9098257882,339899.0,97704.90982578824,1644.22,159204.49662721832,117,605,35.79277796644114,80.49685222434105,36.380958454095676,0.24164732589000149,0.3216575017367546,0.4782855294576163,0.30514661797150733
Шамиля Усманова 36Б Наб Челны,4306.73,3501.6,805.13,431399.0517091834,328843.84943357005,102555.20227561328,1427.5,152103.4222252458,118,657,33.14579739152443,81.30530588172465,35.25817259509936,0.23822096854323704,0.30731045815334623,0.502028703639192,0.3019734501711685
Камая 8а Казань,4338.65,3531.9,806.75,454048.00366064924,356191.9765140089,97856.0271466404,1339.25,145266.36356198156,126,634,30.86789669597686,81.40550632109067,31.99361353663216,0.25072784645358687,0.2934968331902104,0.47902527967019887,0.2999416067938969
Эгерский бульвар 47 Чебоксары,5322.21,4481.9,840.31,486168.90233422135,400083.5221555274,86085.38017869396,1561.28,143550.20366902792,117,627,29.33518218935367,84.21125810518562,29.526817322088405,0.2684651863067487,0.29002949580060866,0.4214055538328691,0.29895374975851774
Энергетиков 3 Казань,5253.51,4162.9,1090.61,466132.5620530303,368663.8101010101,97468.7519520202,1577.1,135938.99969506334,100,525,30.019929532826623,79.24035549565909,29.16316317751645,0.2574010071692738,0.2746517840692193,0.4771294883344821,0.29639805125903596
Лукина 5 Чебоксары,4583.48,3926.4,657.08,450463.6614112554,369647.80303030304,80815.85838095238,1571.3600000000001,155477.5392153572,135,755,34.28312112194229,85.6641678375383,34.51500143835406,0.2487485526214422,0.3141275397345785,0.39561016619559336,0.2936604401471625
Нефтяников 21А Заинск,5342.75,4709.5,633.25,485352.7436152815,419735.57477703644,65617.16883824508,1676.8,154304.50945286726,111,646,31.38458658930326,88.14748958869497,31.792240073371854,0.2680144988985577,0.31175754497401054,0.3212094703865785,0.29130381074816936
Сармановский тракт 68 Наб Челны,4655.68,3895.9,759.78,442230.27002800046,349997.13452380954,92233.13550419096,1418.19,142733.6246368745,113,625,30.461500790432332,83.68057942126606,32.27586040816182,0.2442020278621881,0.28837967574516066,0.4515000743239481,0.2907589115904925
Мавлютова 48 Казань,4854.25,4069.8,784.45,455898.2164201141,366364.0300954596,89534.18632465451,1448.81,138566.61216657897,114,611,29.846217232322193,83.83993407838493,30.3941992260151,0.25174954428492075,0.27996062446647957,0.4382881657349585,0.289604215565972
Тихая аллея 14 Нижнекамск,4473.8,3858.9,614.9,447126.2487052936,370464.06410608726,76662.18459920635,1337.2,152119.75892147157,113,635,29.889579328535028,86.25553220975458,34.021657051437295,0.2469056146638996,0.30734346489000214,0.37527708296120027,0.2873145824876306
Энтузиастов 31 Чебоксары,5103.71,4284.5,819.21,457398.78268301085,377271.83061097,80126.95207204086,1604.22,141137.61882499923,113,675,31.43242856667013,83.94873533174886,30.856579459419166,0.2525781653657838,0.285155098217007,0.3922378288249132,0.28492904138258135
Горьковское шоссе 2Ак1 Казань,4470.8,3712.2,758.6,430066.6876013457,335059.315276165,95007.3723251807,1312.09,133972.49432687619,126,676,29.34799141093316,83.03211953118009,31.15156281322194,0.23748522963290838,0.27067864752293125,0.46508053132589167,0.2832422211483639
Мира 7 Казань,4403.18,3750.5,652.68,425474.4000556047,342408.4212890558,83065.97876654893,1488.77,147396.06800938366,109,550,33.811245508927634,85.17707656738993,34.64275829288922,0.23494934277214413,0.2977996979113812,0.4066249659829052,0.2826983105524913
Аббасова 4 Казань,4165.03,3598.5,566.53,441778.2085309352,370371.4786324786,71406.72989845662,1338.9,147458.73660352666,95,548,32.14622703798052,86.3979371096967,33.3784541102373,0.24395239697578414,0.29792631382899937,0.34955055664261026,0.27868299182443335
Эгерский бульвар 20Б Чебоксары,4750.55,3940.0,810.55,439252.1172443105,355169.86363636365,84082.25360794688,1447.25,132666.87724705724,107,584,30.464893538642894,82.93776510088306,30.20289989251626,0.2425574752425439,0.26804077273285704,0.41159983931792143,0.27683298397546013
Спиридона Михайлова 1 Чебоксары,4181.63,3581.7,599.93,417872.57431874645,338392.2739789196,79480.30033982683,1425.0,145508.22094035524,117,632,34.077620449441966,85.65320222018687,34.82119427856108,0.23075157209426128,0.2939854829567207,0.38907233625480453,0.2766315555202036
Фучика 94 Казань,3982.98,3385.6,597.38,387070.1792026255,320158.8036762908,66911.37552633477,1255.9,126808.63739664645,119,615,31.531667244123753,85.0016821575805,32.761148807142796,0.21374231727800275,0.25620475782889307,0.32754487699146934,0.24567455542783434
Горького 51 Чебоксары,4284.78,3686.6,598.18,378921.63223748474,315562.875,63358.75723748474,1422.91,122234.79792609504,108,589,33.20847278039946,86.03942326093755,32.258595848517245,0.20924264408084312,0.24696375139622048,0.3101540834041959,0.2375817475397281
Советская 13 Новочебоксарск,3882.63,3280.9,601.73,345586.02236882877,278089.10240876104,67496.91996006771,1354.1299999999999,125779.28002822211,120,614,34.876617138383,84.50199993303508,36.395939617599296,0.19083453391363742,0.2541250394381684,0.3304112368295601,0.23392271628461164
Клыкова 92 Курск,6438.88,5359.0,1079.8799999999999,371612.9482393729,297474.0,74138.94823937294,1710.21,105641.83490836108,84,463,26.560675148473027,83.22876028129116,28.427920880817194,0.20520674791021276,0.21343925212788645,0.36292532458527577,0.23174591088765797
Мира 45 Дербышки Казань,3925.95,3028.0,897.95,353633.5354192474,265427.2289377289,88206.30648151848,1073.91,97556.00254245683,97,488,27.354143583081804,77.12782893312446,27.58675090777239,0.19527841561815126,0.19710259899698301,0.43178792214471484,0.2313933057797269
Привокзальная 1Д Чебоксары,4219.19,3592.5,626.69,346320.71243860165,285753.81973870564,60566.892699895965,1347.28,109145.54194417445,101,511,31.932195516200977,85.14667507270353,31.515741918994983,0.19124023387822234,0.22051815803715924,0.2964873351218885,0.21727457252040017
Джалиля 60А Бугульма,3175.09,2408.3,766.79,292605.5969070513,211159.61941391943,81445.97749313187,1054.02,97832.24277949,114,424,33.19653931069671,75.8498184303437,33.43485012372038,0.1615784467309387,0.1976607160502426,0.3986947282071391,0.2097746832141251
Джалиля 34 Бугульма,3417.72,2673.9,743.82,291777.0883280372,221016.74154344315,70760.34678459406,1097.1,98820.2812959032,113,423,32.100347600154485,78.2363681050525,33.868417106418654,0.16112093966095986,0.1996569536411526,0.3463863790143063,0.20239836045702927
Джалиля 22 Бугульма,3237.41,2633.8,603.61,280059.4217468806,214906.10746116628,65153.31428571429,919.54,89441.45908184082,99,369,28.403569520079326,81.35515736344794,31.93660064137337,0.15465037865492504,0.1807079378374575,0.31893880742149217,0.18841378868379646
Якупова 56 Бугульма,2978.17,2311.6,666.57,263000.94358498487,195890.35503875968,67110.58854622519,953.45,86951.46797608977,111,417,32.01462643166777,77.61813462629735,33.061276051274966,0.14523059163059035,0.17567714828445885,0.32852006549390006,0.18338030753894077
Дзержинского 47 Курск,4424.02,3549.0,875.02,266903.5150610439,209104.99306531798,57798.521995725896,1489.01,91393.12192702775,81,461,33.657397570535394,80.2211563238864,34.242007605679184,0.1473856134210942,0.18465108648158915,0.2829355939623111,0.18076102607345
Кулакова 20 Курск,4599.43,3889.5,709.93,286581.18225144356,236367.22727272726,50213.95497871627,1299.11,84483.35071275194,72,420,28.245021665728142,84.56482651111116,29.47972719249482,0.15825173127229555,0.1706905527438975,0.24580758618966836,0.17573869702496214
Нурихана Фаттаха 21/1 Казань,2414.19,1847.1,567.09,236546.45979407555,173172.40625,63374.05354407555,827.3,83554.57827644472,95,467,34.268222467991336,76.5101338337082,35.322692357849185,0.1306222777596778,0.16881405661549942,0.31022896195543326,0.17093040298857867
Победы 139к3 ЖК Победа Казань,3017.08,2894.8,122.28,293790.3917729068,279257.3153773024,14533.076395604396,762.22,84342.89048905321,66,165,25.263499807761146,95.94707465496441,28.70852582348858,0.16223269708070404,0.1704067662579284,0.07114238323246472,0.15143007421549667
Дейнеки 1 Курск,3874.7,3214.0,660.7,228474.15688835562,190123.0,38351.1568883556,1227.98,74214.14041428713,72,435,31.69226004593904,82.94835729217746,32.48250980549719,0.12616470695845286,0.14994259273402413,0.18773676174887444,0.14372277519846602
Адоратского 38Д Казань,2319.99,1811.0,508.99,201780.00922835912,154577.72390520107,47202.28532315805,793.7,68639.27697210516,87,429,34.21135435928604,78.06068129604007,34.016886625485526,0.11142404935893782,0.13867911283662754,0.23106484687054452,0.13890944120287022
Революционная 1 Казань,2406.14,1978.6,427.54,215559.7965292624,169510.4421245421,46049.35440472028,649.88,61493.94944907664,118,270,27.00923470787236,82.23129161229188,28.52755960953451,0.11903332495686816,0.12424266004264727,0.22542101407098217,0.13681474560400797
Проспект Московский 145а Наб Челны,1774.0,1332.4,441.6,175128.77425994945,125609.5931372549,49519.18112269456,651.94,68697.89488764809,98,287,36.74971815107103,75.10710259301015,39.227074578662624,0.09670708838766551,0.13879754474445677,0.24240652597505727,0.13329366375065121
Дзержинского 69 Курск,3511.67,2921.0,590.67,199476.70537641062,163516.82828514077,35959.87709126984,1028.49,61427.796667101335,74,405,29.287774762434964,83.17979764613418,30.794471239730814,0.1101521520928529,0.12410900465580894,0.17603095775325378,0.12491887133894763
Магистральный проезд 18 Курск,2911.37,2287.0,624.37,155868.8834758867,119386.49342105263,36482.39005483405,1274.15,68026.2348883243,63,341,43.76461940598413,78.55408278576753,43.643242558318654,0.08607166900406113,0.13744051977358002,0.17858876564512308,0.11792833126955204
"Лесная 2-й Промышленный переулок, 13/4 Курск",2673.88,2056.0,617.88,158474.865744929,120421.0,38053.865744929004,973.72,62210.197086452594,64,347,36.41599473424387,76.8920071207384,39.2555606808856,0.0875107069845068,0.125689770083783,0.18628146075949342,0.11568899213550145
Сумская 19 Курск,2691.89,2112.0,579.89,156048.28587474534,119347.98262032085,36700.3032544245,959.65,54018.08072569734,54,312,35.64967364936903,78.45788646638607,34.616260231820696,0.08617073601184838,0.1091383802778318,0.1796554953542826,0.10823212540630772
Клыкова 100 Курск,1788.0,1788.0,0.0,118602.0,118602.0,0.0,497.51,30747.200781119463,54,223,27.824944071588366,100.0,25.924689955582085,0.06549268756902915,0.0621217867470863,0.0,0.054488969145994784
