product_id,product_name,cases,case_weeks,allocation_cases,allocation_weeks,demand_loss_cases,demand_loss_weeks,uncertain_cases,imputed_demand,baseline_shortfall,shortfall_reduction,cases_improved,cases_worsened,median_bakery_ratio,recurrent_demand_loss,recurrent_allocation
11474,Маковка,24.0,7.0,8.0,6.0,4.0,4.0,12.0,16.4279209994856,115.65337797986543,8.7500159958378,3.0,0.0,0.9043396016606372,True,True
100,Губадия,21.0,6.0,8.0,4.0,4.0,3.0,9.0,10.75,44.466866013058755,6.471540468924815,4.0,0.0,0.894987611968744,True,True
11301,Клубника и банан НОВЫЙ,22.0,6.0,9.0,5.0,3.0,3.0,10.0,9.0,40.6253903982868,3.519656076184003,3.0,0.0,0.9308782029041229,True,True
4424,Жар Киш курица,6.0,4.0,4.0,3.0,2.0,2.0,0.0,6.0,8.64552434611742,2.742736184032683,2.0,0.0,0.9067106387716202,True,True
1845,Киш грибы курица,19.0,7.0,15.0,7.0,1.0,1.0,3.0,7.5,44.71278000507822,1.8014568266742508,1.0,0.0,0.9841656162477704,False,True
11473,Сметанник маковый,17.0,7.0,12.0,6.0,1.0,1.0,4.0,3.0000000000000004,28.336193457241578,2.0,1.0,0.0,0.9752232878725684,False,True
10965,Трехслойник НОВЫЙ,14.0,7.0,9.0,6.0,1.0,1.0,4.0,3.75,27.502154161261522,1.8069057465091918,1.0,0.0,1.0028491424064754,False,True
4947,Капуста и курица,18.0,6.0,7.0,4.0,1.0,1.0,10.0,3.0,79.0,1.0,1.0,0.0,0.9331531017763832,False,True
10667,Элеш с курицей,10.0,6.0,6.0,3.0,1.0,1.0,3.0,12.073699129378417,69.69954857379722,2.7569490722278793,1.0,0.0,0.9803205602632463,False,True
108,Сметанник,8.0,5.0,6.0,4.0,1.0,1.0,1.0,4.25,23.599889853468618,2.154124121288107,1.0,0.0,1.0315955404217192,False,True
1844,Киш курица,6.0,5.0,4.0,4.0,1.0,1.0,1.0,14.06155159722547,47.86611702650813,2.752873138022398,1.0,0.0,1.0196978140292887,False,True
10909,Корзинка ягодная,10.0,6.0,3.0,1.0,1.0,1.0,6.0,7.499999999999998,34.546436356489934,1.6322661514741004,1.0,0.0,0.9069846409724791,False,False
10556,Треугольник острый,5.0,5.0,3.0,3.0,1.0,1.0,1.0,15.0,12.706082779247602,1.3044051709377307,1.0,0.0,0.9633982949535772,False,True
107,Капуста и мясо,6.0,5.0,2.0,2.0,1.0,1.0,3.0,3.0,10.658562624065492,1.5781032817156664,1.0,0.0,0.9203937351214114,False,True
1071,Треугольник курица безд,4.0,3.0,1.0,1.0,1.0,1.0,2.0,13.75,133.55484485056428,13.75,1.0,0.0,0.8924888022700068,False,False
10298,Пирожок с горбушей,5.0,2.0,1.0,1.0,1.0,1.0,3.0,5.25,9.085806830779635,0.9480036068323683,1.0,0.0,0.8277986557443568,False,False
11429,Сэндвич Мюнхенский,2.0,2.0,0.0,0.0,1.0,1.0,1.0,5.999999999999998,1.4173552454797127,0.7310483893785564,1.0,0.0,0.8290521448929375,False,False
10760,Пицца с колбасой,15.0,5.0,12.0,4.0,0.0,0.0,3.0,0.0,37.80651419891786,0.0,0.0,0.0,0.9786436774232652,False,True
1722,Губадия мини,16.0,6.0,10.0,5.0,0.0,0.0,6.0,0.0,55.44119490554071,0.0,0.0,0.0,0.9906448370285268,False,True
36,Вак-бэлиш,13.0,6.0,10.0,4.0,0.0,0.0,3.0,0.0,53.96861850344999,0.0,0.0,0.0,1.027052102506096,False,True
11465,Пирог с Манго,9.0,3.0,9.0,3.0,0.0,0.0,0.0,0.0,27.45307923217753,0.0,0.0,0.0,0.9909536084881632,False,True
4423,Жар Киш грибы курица,10.0,5.0,8.0,4.0,0.0,0.0,2.0,0.0,12.323370912248965,0.0,0.0,0.0,1.0053511192336457,False,True
45,Пирожок яблоко,9.0,4.0,7.0,4.0,0.0,0.0,2.0,0.0,23.109482465984435,0.0,0.0,0.0,1.0328780483758289,False,True
58,Сочень,7.0,5.0,5.0,3.0,0.0,0.0,2.0,0.0,39.94050689143825,0.0,0.0,0.0,1.001721736529574,False,True
10169,Бейгл курица,7.0,5.0,5.0,4.0,0.0,0.0,2.0,0.0,34.58217750256726,0.0,0.0,0.0,0.9664451384450417,False,True
1272,Сэндвич курица,9.0,5.0,5.0,4.0,0.0,0.0,4.0,0.0,25.880575536596446,0.0,0.0,0.0,0.9664451384450417,False,True
10346,Сосиска под шубой,7.0,3.0,5.0,3.0,0.0,0.0,2.0,0.0,20.515978692364037,0.0,0.0,0.0,1.046634804257723,False,True
10324,Горбуша саго,7.0,5.0,5.0,4.0,0.0,0.0,2.0,0.0,9.904376739221618,0.0,0.0,0.0,0.9910588201595462,False,True
10485,ЖарПицца Пикантная,7.0,5.0,4.0,3.0,0.0,0.0,3.0,0.0,80.11172639625248,0.0,0.0,0.0,0.956549799598831,False,True
1076,Треугольник говядина безд,8.0,5.0,4.0,3.0,0.0,0.0,4.0,0.0,52.06501282478713,0.0,0.0,0.0,0.9616751128875984,False,True
34,Беккен капуста,8.0,5.0,4.0,3.0,0.0,0.0,4.0,0.0,47.54991310390967,0.0,0.0,0.0,0.9213091659373842,False,True
67,Ватрушка,6.0,5.0,4.0,3.0,0.0,0.0,2.0,0.0,8.135183528438874,0.0,0.0,0.0,0.978169468793141,False,True
10442,ЖарПицца Оригинальная,4.0,3.0,4.0,3.0,0.0,0.0,0.0,0.0,7.613446331789343,0.0,0.0,0.0,1.0150135610834028,False,True
101,Капустный,4.0,2.0,4.0,2.0,0.0,0.0,0.0,0.0,4.328014685276406,0.0,0.0,0.0,1.027254405741683,False,True
4944,Пирожок капуста и курица,5.0,3.0,3.0,2.0,0.0,0.0,2.0,0.0,79.0,0.0,0.0,0.0,0.9971660870542634,False,True
11251,ЖарПицца с салями,4.0,4.0,3.0,3.0,0.0,0.0,1.0,0.0,15.529843427440966,0.0,0.0,0.0,1.0133667648105,False,True
110,Яблочный,6.0,4.0,3.0,3.0,0.0,0.0,3.0,0.0,5.7849088963138815,0.0,0.0,0.0,0.9434069145798221,False,True
10340,Кыстыбый П,4.0,4.0,2.0,2.0,0.0,0.0,2.0,0.0,40.902497117759616,0.0,0.0,0.0,0.9614976808562865,False,True
57,Сосиска в тесте,5.0,3.0,2.0,2.0,0.0,0.0,3.0,0.0,23.622331942855126,0.0,0.0,0.0,0.9174397031539888,False,True
1070,Картофель и мясо,3.0,3.0,2.0,2.0,0.0,0.0,1.0,0.0,13.0,0.0,0.0,0.0,0.973065233079724,False,True
10662,Хот-дог Датский куриный,4.0,3.0,2.0,2.0,0.0,0.0,2.0,0.0,9.796020784399172,0.0,0.0,0.0,0.8862785480519317,False,True
4399,Сметанник мини,5.0,5.0,2.0,2.0,0.0,0.0,3.0,0.0,9.606446587827701,0.0,0.0,0.0,0.9101066827403804,False,True
1745,Шафран творог,4.0,4.0,2.0,2.0,0.0,0.0,2.0,0.0,9.110238730848925,0.0,0.0,0.0,0.9907891601391676,False,True
102,Королевская ватрушка,5.0,4.0,2.0,2.0,0.0,0.0,3.0,0.0,7.345240685695186,0.0,0.0,0.0,0.93561007905705,False,True
4629,Конвертик курица,3.0,3.0,2.0,2.0,0.0,0.0,1.0,0.0,4.536300725780999,0.0,0.0,0.0,0.961743960082902,False,True
10714,Пирог Хуплу,2.0,2.0,1.0,1.0,0.0,0.0,1.0,0.0,10.0,0.0,0.0,0.0,0.9252314006399724,False,False
10347,Жар пицца с курицей,2.0,2.0,1.0,1.0,0.0,0.0,1.0,0.0,2.9552987049558475,0.0,0.0,0.0,0.9527785287563368,False,False
11223,Пирог с черносливом и грец орехом,1.0,1.0,1.0,1.0,0.0,0.0,0.0,0.0,1.5720457159171377,0.0,0.0,0.0,1.0154061163772496,False,False
10426,Пирог Ханский,1.0,1.0,0.0,0.0,0.0,0.0,1.0,0.0,3.717455424535499,0.0,0.0,0.0,0.8804629991047059,False,False
